"","country","year","pop","continent","lifeExp","gdpPercap","lifeExp_round"
"1","Afghanistan",1952,8425333,"Asia",28.801,779.4453145,29
"2","Afghanistan",1957,9240934,"Asia",30.332,820.8530296,30
"3","Afghanistan",1962,10267083,"Asia",31.997,853.10071,32
"4","Afghanistan",1967,11537966,"Asia",34.02,836.1971382,34
"5","Afghanistan",1972,13079460,"Asia",36.088,739.9811058,36
"6","Afghanistan",1977,14880372,"Asia",38.438,786.11336,38
